"additionalInfo/Accessibility/0/Wheelchair accessible entrance","additionalInfo/Accessibility/0/Wheelchair accessible restroom","additionalInfo/Accessibility/0/Wheelchair-accessible seating","additionalInfo/Accessibility/0/Wheelchair-accessible toilet","additionalInfo/Accessibility/1/Wheelchair accessible entrance","additionalInfo/Accessibility/1/Wheelchair accessible parking lot","additionalInfo/Accessibility/1/Wheelchair accessible restroom","additionalInfo/Accessibility/1/Wheelchair accessible seating","additionalInfo/Accessibility/1/Wheelchair-accessible toilet","additionalInfo/Accessibility/2/Wheelchair accessible parking lot","additionalInfo/Accessibility/2/Wheelchair accessible restroom","additionalInfo/Accessibility/2/Wheelchair accessible seating","additionalInfo/Accessibility/3/Wheelchair accessible seating","additionalInfo/Amenities/0/Gender-neutral restroom","additionalInfo/Amenities/0/Restroom","additionalInfo/Amenities/0/Toilets","additionalInfo/Amenities/1/Restroom","additionalInfo/Children/0/Nursing room","additionalInfo/From the business/0/Identifies as women-owned","additionalInfo/Parking/0/Free parking lot","additionalInfo/Parking/0/On-site parking","additionalInfo/Parking/0/Paid parking garage","additionalInfo/Parking/1/Free street parking","additionalInfo/Parking/1/Paid parking lot","additionalInfo/Planning/0/Appointment required","additionalInfo/Service options/0/On-site services","additionalInfo/Service options/0/Onsite services","address","categories/0","categories/1","categories/2","categories/3","categories/4","categories/5","categories/6","categories/7","categories/8","categories/9","categoryName","cid","city","claimThisBusiness","countryCode","fid","googleFoodUrl","imageUrl","imagesCount","isAdvertisement","kgmid","location/lat","location/lng","neighborhood","openingHours/0/day","openingHours/0/hours","openingHours/1/day","openingHours/1/hours","openingHours/2/day","openingHours/2/hours","openingHours/3/day","openingHours/3/hours","openingHours/4/day","openingHours/4/hours","openingHours/5/day","openingHours/5/hours","openingHours/6/day","openingHours/6/hours","permanentlyClosed","phone","phoneUnformatted","placeId","postalCode","price","rank","reviewsCount","reviewsDistribution/fiveStar","reviewsDistribution/fourStar","reviewsDistribution/oneStar","reviewsDistribution/threeStar","reviewsDistribution/twoStar","scrapedAt","searchPageUrl","searchString","state","street","subTitle","temporarilyClosed","title","totalScore","url","website"
,"true",,,,,,,,,,,,,"true",,,,,,,,,,,,,"Çarşı, Uzun Sk. Hayrioğlu İş Merkezi No:74 Kat :1, 61000 Ortahisar/Trabzon, Türkiye","Dentist",,,,,,,,,,"Dentist","1253857805605365248","Ortahisar","false","TR","0x40643d7b8e2604db:0x11669907edf56600",,"https://lh5.googleusercontent.com/p/AF1QipP0yyvD8mqGa7hjG_odDQLPGASxvhsL3GjEWxxE=w408-h371-k-no","7","false","/g/11h4vn4sh1","41.0054347","39.7242155","Çarşı","Monday","9 AM to 6 PM","Tuesday","9 AM to 6 PM","Wednesday","9 AM to 6 PM","Thursday","9 AM to 6 PM","Friday","9 AM to 6 PM","Saturday","12 to 4 PM","Sunday","Closed","false","+90 542 261 72 61","+905422617261","ChIJ2wQmjns9ZEARAGb17QeZZhE","61000",,"1","19",,,,,,"2024-12-13T09:45:12.705Z","https://www.google.com/maps/search/di%C5%9F%20hekimleri/@41.031380531748304,39.69582248314139,16z?hl=en","diş hekimleri","Trabzon","Uzun Sk. Hayrioğlu İş Merkezi No:74 Kat :1",,"false","Dt. Çağatay TAŞDEMİR","5","https://www.google.com/maps/search/?api=1&query=Dt.%20%C3%87a%C4%9Fatay%20TA%C5%9EDEM%C4%B0R&query_place_id=ChIJ2wQmjns9ZEARAGb17QeZZhE","https://www.doktorsitesi.com/dt-cagatay-tasdemir/dis-hekimi/trabzon"
"true",,,,,"true",,,,,"true",,"true","true",,,"true",,,,,,,,"true",,,"Fatih, Yavuz Selim Blv. No:336 /A, 61000 Ortahisar/Trabzon, Türkiye","Dental clinic",,,,,,,,,,"Dental clinic","12629838522251505112","Ortahisar","false","TR","0x40643d57b89bf9a7:0xaf46333861586dd8",,"https://lh5.googleusercontent.com/p/AF1QipOAk067fcOEzKY5_GrWwwMAk2QgXza_TjFvH9C3=w408-h277-k-no","53","false","/g/11t608svgm","40.9988578","39.6967049","Fatih","Monday","9 AM to 6 PM","Tuesday","9 AM to 6 PM","Wednesday","9 AM to 6 PM","Thursday","9 AM to 6 PM","Friday","9 AM to 6 PM","Saturday","9 AM to 6 PM","Sunday","Closed","false","+90 462 333 44 00","+904623334400","ChIJp_mbuFc9ZEAR2G1YYTgzRq8","61000",,"4","111",,,,,,"2024-12-13T09:45:12.707Z","https://www.google.com/maps/search/di%C5%9F%20hekimleri/@41.031380531748304,39.69582248314139,16z?hl=en","diş hekimleri","Trabzon","Yavuz Selim Blv. No:336 /A",,"false","DEKODENT AĞIZ ve DİŞ SAĞLIĞI POLİKLİNİĞİ - Trabzon Diş Kliniği","4.8","https://www.google.com/maps/search/?api=1&query=DEKODENT%20A%C4%9EIZ%20ve%20D%C4%B0%C5%9E%20SA%C4%9ELI%C4%9EI%20POL%C4%B0KL%C4%B0N%C4%B0%C4%9E%C4%B0%20-%20Trabzon%20Di%C5%9F%20Klini%C4%9Fi&query_place_id=ChIJp_mbuFc9ZEAR2G1YYTgzRq8","https://dekodenttrabzon.com/"
,"false",,,,,,"false",,,,,,,"true",,,,,,,,,,"true",,,"Kemerkaya, Deniz Apartmanı, Kunduracılar Cd. No:57 Kat:2, 61200 Ortahisar/Trabzon, Türkiye","Dentist","Dental clinic",,,,,,,,,"Dentist","6747890954637281614","Ortahisar","false","TR","0x40643c6a77a2615d:0x5da55312463a094e",,"https://lh5.googleusercontent.com/p/AF1QipPqeo65FNtDB0Kc-Z2Vg_eNYwmSELFgHjiBpcwt=w427-h240-k-no","6","false","/g/1tct_xym","41.0061365","39.7290794","Kemerkaya","Monday","10 AM to 7 PM","Tuesday","10 AM to 7 PM","Wednesday","10:30 AM to 7 PM","Thursday","10 AM to 7 PM","Friday","10 AM to 7 PM","Saturday","10:30 AM to 4 PM","Sunday","Closed","false","+90 462 321 71 09","+904623217109","ChIJXWGid2o8ZEARTgk6RhJTpV0","61200",,"5","7",,,,,,"2024-12-13T09:45:12.707Z","https://www.google.com/maps/search/di%C5%9F%20hekimleri/@41.031380531748304,39.69582248314139,16z?hl=en","diş hekimleri","Trabzon","Deniz Apartmanı, Kunduracılar Cd. No:57 Kat:2","Dt.Özgür Paşaoğlu | Dt.Tuğba Öztürk Samancı","false","Dr. Ozgur Pasaoglu","5","https://www.google.com/maps/search/?api=1&query=Dr.%20Ozgur%20Pasaoglu&query_place_id=ChIJXWGid2o8ZEARTgk6RhJTpV0","http://ozgurpasaoglu.com/"
,"true",,,"false",,,,,"false",,,,,"true",,,,,,,,,,,,,"Gazipaşa, Samancı Apt, Uzun Sk. No:23 K:2, 61030 Ortahisar/Trabzon, Türkiye","Dentist",,,,,,,,,,"Dentist","488061596987101672","Ortahisar","false","TR","0x40643b8c0000002d:0x6c5f16fc4ed11e8",,"https://lh5.googleusercontent.com/p/AF1QipNMq7PyFCmeT9Alu1ZSNY9ppMM698ieWpFQDGmw=w408-h355-k-no","31","false","/g/11dxns5sfb","41.0049674","39.7286789","Gazipaşa","Monday","10 AM to 7 PM","Tuesday","10 AM to 7 PM","Wednesday","10 AM to 7 PM","Thursday","10 AM to 7 PM","Friday","10 AM to 7 PM","Saturday","10 AM to 4 PM","Sunday","Closed","false","+90 462 326 25 99 ext. 3213727","+904623262599","ChIJLQAAAIw7ZEAR6BHtxG_xxQY","61030",,"6","109",,,,,,"2024-12-13T09:45:12.707Z","https://www.google.com/maps/search/di%C5%9F%20hekimleri/@41.031380531748304,39.69582248314139,16z?hl=en","diş hekimleri","Trabzon","Samancı Apt, Uzun Sk. No:23 K:2",,"false","Esse Diş Kliniği Esra Eroğlu Keskin","4.9","https://www.google.com/maps/search/?api=1&query=Esse%20Di%C5%9F%20Klini%C4%9Fi%20Esra%20Ero%C4%9Flu%20Keskin&query_place_id=ChIJLQAAAIw7ZEAR6BHtxG_xxQY","https://esseklinik.com.tr/"
,"true",,,,,,,,,,,,,"true",,,,,,,"true",,"true",,,,"Kemerkaya Mahallesi Kunduracılar Caddesi, Cevdet Akçay Sk. Mine Apartmanı No:3 Kat:1, 61050 Ortahisar/Trabzon, Türkiye","Dentist","Dental clinic","Dental hygienist","Dental implants periodontist","Dental implants provider","Denture care center","Endodontist","Oral surgeon","Orthodontist","Periodontist","Dentist","13327429878061821198","Ortahisar","false","TR","0x40643da4be0bd947:0xb8f48adcc2cd6d0e",,"https://lh5.googleusercontent.com/p/AF1QipPr_8BYi3gBT08PaRAq5JP83Uqf_1md9qSz4y5-=w408-h541-k-no","14","false","/g/11s7tckmm4","41.0061635","39.7291374","Kemerkaya","Monday","9 AM to 6 PM","Tuesday","9 AM to 6 PM","Wednesday","9 AM to 6 PM","Thursday","9 AM to 6 PM","Friday","9 AM to 6 PM","Saturday","9 AM to 1 PM","Sunday","Closed","false","+90 462 322 58 87","+904623225887","ChIJR9kLvqQ9ZEARDm3NwtyK9Lg","61050",,"7","143",,,,,,"2024-12-13T09:45:12.707Z","https://www.google.com/maps/search/di%C5%9F%20hekimleri/@41.031380531748304,39.69582248314139,16z?hl=en","diş hekimleri","Trabzon","Kemerkaya Mahallesi Kunduracılar Caddesi, Cevdet Akçay Sk. Mine Apartmanı No:3 Kat:1",,"false","Diş Hekimi Ali Rıza Birinci","5","https://www.google.com/maps/search/?api=1&query=Di%C5%9F%20Hekimi%20Ali%20R%C4%B1za%20Birinci&query_place_id=ChIJR9kLvqQ9ZEARDm3NwtyK9Lg","https://www.dtalirizabirinci.com/"
"true",,,,,"true",,,,,"true",,,"true",,,"true","true",,,,,,,"true",,"true","Kahramanmaraş Cad. Ticaretmektep Sok Kurşunoğlu Apt, Kat:3 No:5, 61200 Trabzon Merkez/Trabzon, Türkiye","Dentist",,,,,,,,,,"Dentist","11027386164466349138","Trabzon Merkez","false","TR","0x40643c444389e6ed:0x9909254a7e12f452",,"https://lh5.googleusercontent.com/p/AF1QipOFFGzWG_mlePI3kWJqa4Xe658tUXqKuoQ5u7w6=w408-h539-k-no","7","false","/g/1tzvv0t5","41.005657","39.7281533","Kemerkaya","Monday","9 AM to 7 PM","Tuesday","9 AM to 7 PM","Wednesday","9 AM to 7 PM","Thursday","9 AM to 7 PM","Friday","9 AM to 7 PM","Saturday","9 AM to 4 PM","Sunday","Closed","false","+90 462 321 80 85","+904623218085","ChIJ7eaJQ0Q8ZEARUvQSfkolCZk","61200",,"9","11",,,,,,"2024-12-13T09:45:12.707Z","https://www.google.com/maps/search/di%C5%9F%20hekimleri/@41.031380531748304,39.69582248314139,16z?hl=en","diş hekimleri","Trabzon","Kahramanmaraş Cad. Ticaretmektep Sok Kurşunoğlu Apt, Kat:3 No:5",,"false","Dişhekimi Gökhan SEÇKİN","4.6","https://www.google.com/maps/search/?api=1&query=Di%C5%9Fhekimi%20G%C3%B6khan%20SE%C3%87K%C4%B0N&query_place_id=ChIJ7eaJQ0Q8ZEARUvQSfkolCZk","http://www.dentomed.com.tr/"
,"true",,,,,,,,,,,,,"true",,,,,,,,,,,,,"kunduracılar cad , kemerkaya mah mehmet sokak atallar apartmanı, No 6 kat 1, 61000 Ortahisar/Trabzon, Türkiye","Dentist",,,,,,,,,,"Dentist","1964150660268777106","Ortahisar","false","TR","0x40643d438ed083a7:0x1b42109e76ab5e92",,"https://lh5.googleusercontent.com/p/AF1QipMYNoZPzwp9MaW6ppLhKYQ-rzOztj4YxPyGpx1e=w408-h544-k-no","19","false","/g/11tcxm71zn","41.0062674","39.7289566","Kemerkaya","Monday","9:30 AM to 4:30 PM","Tuesday","9:30 AM to 4:30 PM","Wednesday","9:30 AM to 4:30 PM","Thursday","9:30 AM to 4:30 PM","Friday","9:30 AM to 4:30 PM","Saturday","11 AM to 2 PM","Sunday","Closed","false","+90 532 629 17 45","+905326291745","ChIJp4PQjkM9ZEARkl6rdp4QQhs","61000",,"10","20",,,,,,"2024-12-13T09:45:12.708Z","https://www.google.com/maps/search/di%C5%9F%20hekimleri/@41.031380531748304,39.69582248314139,16z?hl=en","diş hekimleri","Trabzon","kunduracılar cad , kemerkaya mah mehmet sokak atallar apartmanı, No 6 kat 1",,"false","Uzm. Dt. Malike Aslan Kehribar, Periodontoloji, Diş Hekimi","5","https://www.google.com/maps/search/?api=1&query=Uzm.%20Dt.%20Malike%20Aslan%20Kehribar%2C%20Periodontoloji%2C%20Di%C5%9F%20Hekimi&query_place_id=ChIJp4PQjkM9ZEARkl6rdp4QQhs","https://www.doktortakvimi.com/malike-aslan-kehribar/periodontoloji-dis-hekimi/trabzon?utm_source=google&utm_medium=gmb&utm_campaign=129357&utm_content=url_appointment"
,,,,,,,,,,,,,,"true",,,,,,,,,,,,,"Kemerkaya, Gazipaşa Cd. No:9, 61200 Trabzon Merkez/Trabzon, Türkiye","Dentist",,,,,,,,,,"Dentist","1316967451584981353","Trabzon Merkez","false","TR","0x40643c6a77a2615d:0x1246ceeb6c796969",,"https://lh5.googleusercontent.com/p/AF1QipPYOseRy8aXbv2qV9warnetTNgSLbFV1kwMZSG_=w426-h240-k-no","6","false","/g/1tdp8329","41.0067154","39.7301708","Kemerkaya","Monday","10 AM to 6 PM","Tuesday","10 AM to 6 PM","Wednesday","10 AM to 6 PM","Thursday","10 AM to 6 PM","Friday","10 AM to 6 PM","Saturday","10 AM to 2 PM","Sunday","Closed","false","+90 462 321 03 97","+904623210397","ChIJXWGid2o8ZEARaWl5bOvORhI","61200",,"11","23",,,,,,"2024-12-13T09:45:12.708Z","https://www.google.com/maps/search/di%C5%9F%20hekimleri/@41.031380531748304,39.69582248314139,16z?hl=en","diş hekimleri","Trabzon","Gazipaşa Cd. No:9",,"false","Dt. Ertan Yıldız","4.7","https://www.google.com/maps/search/?api=1&query=Dt.%20Ertan%20Y%C4%B1ld%C4%B1z&query_place_id=ChIJXWGid2o8ZEARaWl5bOvORhI","https://iyifirma.com/dr-ertan-yildiz/"
"true",,,,,,"true",,,,,,,,"true",,,,,,,,,,,,,"Kurşunoğlu Apt, Kahramanmaraş Cad, Ticaret Mektep Sk. No:8, 61100 Ortahisar/Trabzon, Türkiye","Dental clinic","Cosmetic dentist","Dental hygienist","Dental implants periodontist","Dental laboratory","Dentist","Endodontist","Orthodontist","Pediatric dentist",,"Dental clinic","12719735702001385400","Ortahisar","false","TR","0x40643c38252c2f9d:0xb085943a9aa57fb8",,"https://lh5.googleusercontent.com/p/AF1QipNrNyoA-j083n-Fy7kAIQnNgFnCZ7mru35pF4jU=w408-h408-k-no","28","false","/g/1q67350tq","41.0055342","39.7281541","Kemerkaya","Monday","9 AM to 6 PM","Tuesday","9 AM to 6 PM","Wednesday","9 AM to 6 PM","Thursday","9 AM to 6 PM","Friday","9 AM to 6 PM","Saturday","9 AM to 3 PM","Sunday","Closed","false","+90 850 554 5454","+908505545454","ChIJnS8sJTg8ZEARuH-lmjqUhbA","61100",,"12","210",,,,,,"2024-12-13T09:45:12.708Z","https://www.google.com/maps/search/di%C5%9F%20hekimleri/@41.031380531748304,39.69582248314139,16z?hl=en","diş hekimleri","Trabzon","Kurşunoğlu Apt, Kahramanmaraş Cad, Ticaret Mektep Sk. No:8","Dentomed: İmplant ve Estetik Diş Hekimliği","false","Dentomed","4.5","https://www.google.com/maps/search/?api=1&query=Dentomed&query_place_id=ChIJnS8sJTg8ZEARuH-lmjqUhbA","https://www.dentomed.com.tr/"
"true",,,,,,"true",,,,,,,,"true",,,,,,,,,,,,,"Cumhuriyet Baysal işhanı Özgür Caddesi D:kat :5, 61000 Ortahisar, Türkiye","Dentist","Prosthodontist",,,,,,,,,"Dentist","16288094818637185167","Ortahisar","false","TR","0x40643ddd3e5600e5:0xe20aeff084c0008f",,"https://lh5.googleusercontent.com/p/AF1QipPlMluVZ4Eet58APv-MNU4rfNA3YgdKy25fx1wo=w408-h271-k-no","5","false","/g/11gjwg42_q","41.0041168","39.7269482","Cumhuriyet","Monday","9 AM to 6:30 PM","Tuesday","9 AM to 6:30 PM","Wednesday","9 AM to 6:30 PM","Thursday","9 AM to 6:30 PM","Friday","9 AM to 6:30 PM","Saturday","9 AM to 1 PM","Sunday","Closed","false","+90 462 322 06 06","+904623220606","ChIJ5QBWPt09ZEARjwDAhPDvCuI","61000",,"13","10",,,,,,"2024-12-13T09:45:12.708Z","https://www.google.com/maps/search/di%C5%9F%20hekimleri/@41.031380531748304,39.69582248314139,16z?hl=en","diş hekimleri","Trabzon","Cumhuriyet Baysal işhanı Özgür Caddesi D:kat :5",,"false","Elçin Şüküroğlu,Uzman Dr.Dt.","5","https://www.google.com/maps/search/?api=1&query=El%C3%A7in%20%C5%9E%C3%BCk%C3%BCro%C4%9Flu%2CUzman%20Dr.Dt.&query_place_id=ChIJ5QBWPt09ZEARjwDAhPDvCuI","https://www.elcinsukuroglu.com/"
,,,,,,,,,,,,,,"true",,,,,,,,,,,,,"Cumhuriyet, Muhittin Sk. Cumhuriyet İş Merkezi No:3/14 Kat:2, 61030 Ortahisar/Trabzon, Türkiye","Dentist",,,,,,,,,,"Dentist","18401951822246989509","Ortahisar","false","TR","0x40643d0c69fa22bf:0xff60ddaf42e24ec5",,"https://lh5.googleusercontent.com/p/AF1QipNP83cvgYZQsMkJjBI1hk7nM6pmKNt9w6lYJoLv=w408-h504-k-no","14","false","/g/11lcyjxc69","41.0033713","39.7243911","Cumhuriyet","Monday","9 AM to 6 PM","Tuesday","9 AM to 6 PM","Wednesday","9 AM to 6 PM","Thursday","9 AM to 6 PM","Friday","9 AM to 6 PM","Saturday","9 AM to 6 PM","Sunday","Closed","false","+90 462 502 42 41","+904625024241","ChIJvyL6aQw9ZEARxU7iQq_dYP8","61030",,"14","35",,,,,,"2024-12-13T09:45:12.708Z","https://www.google.com/maps/search/di%C5%9F%20hekimleri/@41.031380531748304,39.69582248314139,16z?hl=en","diş hekimleri","Trabzon","Muhittin Sk. Cumhuriyet İş Merkezi No:3/14 Kat:2",,"false","Ortodontist Uzm.Dt. Uğur DURMUŞ & Dt. Zuhal YAMAN DURMUŞ","5","https://www.google.com/maps/search/?api=1&query=Ortodontist%20Uzm.Dt.%20U%C4%9Fur%20DURMU%C5%9E%20%26%20Dt.%20Zuhal%20YAMAN%20DURMU%C5%9E&query_place_id=ChIJvyL6aQw9ZEARxU7iQq_dYP8","https://www.doktortakvimi.com/ugur-durmus/dis-hekimi/trabzon?utm_source=google&utm_medium=gmb&utm_campaign=278267&utm_content=website"
,,,,,,,,,,,,,,"true",,,,,,,,,,,,,"Kunduracılar Cd. Deniz Apt No:57 Kat:1, 61200 Ortahisar/Trabzon, Türkiye","Dentist",,,,,,,,,,"Dentist","16815809998956261639","Ortahisar","false","TR","0x40643c4500bc3e57:0xe95dc2199e3ff107",,"https://lh5.googleusercontent.com/p/AF1QipMzmK6qesvTug3lt1zP1G224NwHjk7AdQCrTt_0=w408-h272-k-no","2","false","/g/1w110p5g","41.0062495","39.7287822","Kemerkaya","Monday","9 AM to 7 PM","Tuesday","9 AM to 7 PM","Wednesday","9 AM to 7 PM","Thursday","9 AM to 7 PM","Friday","9 AM to 7 PM","Saturday","9 AM to 4 PM","Sunday","Closed","false","+90 462 326 76 66","+904623267666","ChIJVz68AEU8ZEARB_E_nhnCXek","61200",,"16","7",,,,,,"2024-12-13T09:45:12.708Z","https://www.google.com/maps/search/di%C5%9F%20hekimleri/@41.031380531748304,39.69582248314139,16z?hl=en","diş hekimleri","Trabzon","Kunduracılar Cd. Deniz Apt No:57 Kat:1","Diş Hekimi Mehmet KESKİN","false","Dentists Mehmet Keskin","5","https://www.google.com/maps/search/?api=1&query=Dentists%20Mehmet%20Keskin&query_place_id=ChIJVz68AEU8ZEARB_E_nhnCXek","http://www.keskinmehmet.com/"
,,,,,,,,,,,,,,"true",,,,,,,,,,,,,"Gazipaşa Mah.Uzun sokak Samancı Apt.No23/2(Gratis Magaza Üzeri) 61030, 61100 Ortahisar/Trabzon, Türkiye","Dentist",,,,,,,,,,"Dentist","1909108599526391209","Ortahisar","false","TR","0x40643c443865bd9b:0x1a7e84280869fda9",,"https://lh5.googleusercontent.com/p/AF1QipPAVs_jS6PTdZr0VklS039rO-y04lGh5fqaTJet=w408-h306-k-no","20","false","/g/11dz47j83f","41.004959","39.7286794","Gazipaşa","Monday","9 AM to 6 PM","Tuesday","9 AM to 6 PM","Wednesday","9 AM to 6 PM","Thursday","9 AM to 6 PM","Friday","9 AM to 6 PM","Saturday","9 AM to 12:30 AM","Sunday","Closed","false","+90 462 321 37 27","+904623213727","ChIJm71lOEQ8ZEARqf1pCCiEfho","61100",,"17","56",,,,,,"2024-12-13T09:45:12.708Z","https://www.google.com/maps/search/di%C5%9F%20hekimleri/@41.031380531748304,39.69582248314139,16z?hl=en","diş hekimleri","Trabzon","Gazipaşa Mah.Uzun sokak Samancı Apt.No23/2(Gratis Magaza Üzeri) 61030",,"false","Es&Se İmplant ve Estetik Ortodonti Diş Kliniği","4.9","https://www.google.com/maps/search/?api=1&query=Es%26Se%20%C4%B0mplant%20ve%20Estetik%20Ortodonti%20Di%C5%9F%20Klini%C4%9Fi&query_place_id=ChIJm71lOEQ8ZEARqf1pCCiEfho","https://esseklinik.com.tr/"
"true",,,,,"true",,,,,"true",,,,"true",,,,,,,,,,,,,"Cumhuriyet, Yavuz Selim Blv. No:96/8, 61010 Ortahisar/Trabzon, Türkiye","Dental clinic","Dental hygienist","Dental implants periodontist","Health and beauty shop","Oral surgeon","Orthodontist","Private hospital",,,,"Dental clinic","14952354396555929281","Ortahisar","false","TR","0x40643da65ad36107:0xcf816f1a4a7766c1",,"https://lh5.googleusercontent.com/p/AF1QipNBQs6wUpgbFh_hV1TA0zGyNm2yA73WOOgJJm9L=w408-h306-k-no","33","false","/g/11gpgvymj6","41.0033955","39.7234136","Cumhuriyet","Monday","9 AM to 7 PM","Tuesday","9 AM to 7 PM","Wednesday","9 AM to 7 PM","Thursday","9 AM to 7 PM","Friday","9 AM to 7 PM","Saturday","9 AM to 7 PM","Sunday","Closed","false","+90 462 300 33 68","+904623003368","ChIJB2HTWqY9ZEARwWZ3Shpvgc8","61010",,"18","41",,,,,,"2024-12-13T09:45:12.708Z","https://www.google.com/maps/search/di%C5%9F%20hekimleri/@41.031380531748304,39.69582248314139,16z?hl=en","diş hekimleri","Trabzon","Yavuz Selim Blv. No:96/8",,"false","Trabzon Merkez Ağız ve Diş Sağlığı Polikliniği","4.9","https://www.google.com/maps/search/?api=1&query=Trabzon%20Merkez%20A%C4%9F%C4%B1z%20ve%20Di%C5%9F%20Sa%C4%9Fl%C4%B1%C4%9F%C4%B1%20Poliklini%C4%9Fi&query_place_id=ChIJB2HTWqY9ZEARwWZ3Shpvgc8","http://www.trabzonmerkezdis.com/"
"true",,,,,,"true",,,,,,,,"true",,,,,,,,,,,,,"Kemerkaya Mah Kunduracılar Cad Merkez İş Hanı, Kat 2 Daire 12, 61200 Trabzon, Türkiye","Dentist",,,,,,,,,,"Dentist","2198141029966954933","Ortahisar","false","TR","0x40643df26c608853:0x1e815d9ed96441b5",,"https://lh5.googleusercontent.com/p/AF1QipOT97zZSWlqDX5kg-2jfO9vlGEImMzX7AqFlrhi=w408-h408-k-no","3","false","/g/11pz10g73f","41.0063667","39.7286301","Kemerkaya",,,,,,,,,,,,,,,"false",,,"ChIJU4hgbPI9ZEARtUFk2Z5dgR4","61200",,"20","2",,,,,,"2024-12-13T09:45:12.708Z","https://www.google.com/maps/search/di%C5%9F%20hekimleri/@41.031380531748304,39.69582248314139,16z?hl=en","diş hekimleri","Trabzon","Kemerkaya Mah Kunduracılar Cad Merkez İş Hanı, Kat 2 Daire 12",,"false","Dt. Cem Şükrü Demet, Diş Hekimi","5","https://www.google.com/maps/search/?api=1&query=Dt.%20Cem%20%C5%9E%C3%BCkr%C3%BC%20Demet%2C%20Di%C5%9F%20Hekimi&query_place_id=ChIJU4hgbPI9ZEARtUFk2Z5dgR4","https://www.doktortakvimi.com/cem-sukru-demet/dis-hekimligi/trabzon?utm_source=google&utm_medium=gmb&utm_campaign=128008&utm_content=website"
,,,,,,,,,,,,,,,"true",,,,,,,,,,,,"Gazipaşa mh. Atatürk Alanı Trabzon İş Merkezi Kat:3, 61100 Ortahisar/Trabzon, Türkiye","Dentist",,,,,,,,,,"Dentist","7413389173002384950","Ortahisar","false","TR","0x40643c45b375fd07:0x66e1a62cce88b636",,"https://lh5.googleusercontent.com/p/AF1QipNdTVTL1dXmEP_ivgupPTxCeQLthEZA_da2GHcY=w408-h405-k-no","9","false","/g/11gh2v_b6d","41.0046205","39.730802","Gazipaşa","Monday","9 AM to 6 PM","Tuesday","9 AM to 6 PM","Wednesday","9 AM to 6 PM","Thursday","9 AM to 6 PM","Friday","9 AM to 6 PM","Saturday","9 AM to 3 PM","Sunday","Closed","false","+90 462 326 10 11","+904623261011","ChIJB_11s0U8ZEARNraIziym4WY","61100",,"8","17",,,,,,"2024-12-13T09:45:18.932Z","https://www.google.com/maps/search/di%C5%9F%20hekimleri/@40.992500484125834,39.781632025287934,16z?hl=en","diş hekimleri","Trabzon","Gazipaşa mh. Atatürk Alanı Trabzon İş Merkezi Kat:3",,"false","Trabzon Diş Hekimi - Dt. Elif Yardım Eyüboğlu","5","https://www.google.com/maps/search/?api=1&query=Trabzon%20Di%C5%9F%20Hekimi%20-%20Dt.%20Elif%20Yard%C4%B1m%20Ey%C3%BCbo%C4%9Flu&query_place_id=ChIJB_11s0U8ZEARNraIziym4WY","https://trabzondishekimi.com.tr/"
,,,,,,,,,,,,,,,"true",,,,,,,,,,,,"Uzun Sok. Canbakkal İş Merkezi K 4, Ortahisar 61000, Uzun Sk. Can Bakkal İş Merkezi, 61030 Trabzon Merkez/Trabzon, Türkiye","Dentist",,,,,,,,,,"Dentist","7147144547431705433","Trabzon Merkez","false","TR","0x40643c443b22b599:0x632fc21944096b59",,"https://streetviewpixels-pa.googleapis.com/v1/thumbnail?panoid=TXhjPcuVCg9CWjr7D_NIOg&cb_client=search.gws-prod.gps&w=408&h=240&yaw=195.1974&pitch=0&thumbfov=100","2","false","/g/113dk66mn","41.0055964","39.7286107","Kemerkaya","Monday","9 AM to 6:30 PM","Tuesday","9 AM to 6:30 PM","Wednesday","9 AM to 6:30 PM","Thursday","9 AM to 6:30 PM","Friday","9 AM to 6:30 PM","Saturday","9 AM to 6:30 PM","Sunday","9 AM to 6:30 PM","false","+90 462 323 25 34","+904623232534","ChIJmbUiO0Q8ZEARWWsJRBnCL2M","61030",,"11","21",,,,,,"2024-12-13T09:45:18.932Z","https://www.google.com/maps/search/di%C5%9F%20hekimleri/@40.992500484125834,39.781632025287934,16z?hl=en","diş hekimleri","Trabzon","Uzun Sok. Canbakkal İş Merkezi K 4, Ortahisar 61000, Uzun Sk. Can Bakkal İş Merkezi",,"false","Trabzon Diş Hekimi Nuran Yıldız","4.2","https://www.google.com/maps/search/?api=1&query=Trabzon%20Di%C5%9F%20Hekimi%20Nuran%20Y%C4%B1ld%C4%B1z&query_place_id=ChIJmbUiO0Q8ZEARWWsJRBnCL2M","https://www.dtnuranyildiz.com.tr/"
,,,,,,,,,,,,,,,"true",,,,,,,,,,,,"Kemerkaya, Meydan Hamam Sk. No:3, 61200, 61200 Trabzon Merkez/Trabzon, Türkiye","Dentist",,,,,,,,,,"Dentist","9211469868799764046","Trabzon Merkez","false","TR","0x40643d10f0475349:0x7fd5b70a8d06264e",,"https://lh5.googleusercontent.com/p/AF1QipO8o-D-VGziekLU-7ULYP3NHW_gkeauMwFrHF2J=w408-h655-k-no","10","false","/g/11frmb6y_m","41.0052144","39.7292848","Kemerkaya","Monday","9 AM to 6 PM","Tuesday","9 AM to 6 PM","Wednesday","9 AM to 6 PM","Thursday","9 AM to 6 PM","Friday","9 AM to 6 PM","Saturday","9 AM to 3 PM","Sunday","Closed","false","+90 462 323 61 00","+904623236100","ChIJSVNH8BA9ZEARTiYGjQq31X8","61200",,"16","31",,,,,,"2024-12-13T09:45:18.933Z","https://www.google.com/maps/search/di%C5%9F%20hekimleri/@40.992500484125834,39.781632025287934,16z?hl=en","diş hekimleri","Trabzon","Meydan Hamam Sk. No:3, 61200",,"false","Diş Hekimi Berkhan Demir","4.9","https://www.google.com/maps/search/?api=1&query=Di%C5%9F%20Hekimi%20Berkhan%20Demir&query_place_id=ChIJSVNH8BA9ZEARTiYGjQq31X8","http://www.doctordemir.com/"
,,,,,,,,,,,,,,,"true",,,,,,,,,,,,"Kemerkaya Mah. Maraş Cad. Halkevi Sokak Günaydın İşhanı Kat:2, 61200 Ortahisar/Trabzon, Türkiye","Dentist",,,,,,,,,,"Dentist","9372032047296028768","Ortahisar","false","TR","0x40643c4597ba4003:0x8210257deaa82060",,"https://lh5.googleusercontent.com/p/AF1QipOXMsWrNOv-nLhVO-WkZqbwnLY-zEIRTQahgZk4=w426-h240-k-no","9","false","/g/1hg4qv1z0","41.0061708","39.7270608","Kemerkaya","Monday","9:30 AM to 6 PM","Tuesday","9:30 AM to 6 PM","Wednesday","9:30 AM to 6 PM","Thursday","9:30 AM to 6 PM","Friday","9:30 AM to 6 PM","Saturday","10:30 AM to 4:30 PM","Sunday","Closed","false","+90 462 321 54 42","+904623215442","ChIJA0C6l0U8ZEARYCCo6n0lEII","61200",,"18","18",,,,,,"2024-12-13T09:45:18.933Z","https://www.google.com/maps/search/di%C5%9F%20hekimleri/@40.992500484125834,39.781632025287934,16z?hl=en","diş hekimleri","Trabzon","Kemerkaya Mah. Maraş Cad. Halkevi Sokak Günaydın İşhanı Kat:2",,"false","Diş Hekimi Esen Çolak","4.8","https://www.google.com/maps/search/?api=1&query=Di%C5%9F%20Hekimi%20Esen%20%C3%87olak&query_place_id=ChIJA0C6l0U8ZEARYCCo6n0lEII","http://www.esencolak.com/"
,,,,,,,,,,,,,,,"true",,,,,,,,,,,,"Kemerkaya, Kurşunoğlu Apt, K.Maraş Cad, Ticaret Mektep Sk. No:12, 61100 Ortahisar/Trabzon, Türkiye","Dentist","Dental clinic","Dental hygienist","Dental implants periodontist","Denture care center",,,,,,"Dentist","8199911399242336814","Ortahisar","false","TR","0x40643c45b375fd07:0x71cbeff8fd840a2e",,"https://lh5.googleusercontent.com/p/AF1QipOQx4hoJ_JBapQF2cSg23ftb1YPufP9xTUZtWE8=w408-h271-k-no","2","false","/g/11gh2vxq_w","41.0055902","39.728028","Kemerkaya","Monday","9 AM to 6 PM","Tuesday","9 AM to 6 PM","Wednesday","9 AM to 6 PM","Thursday","9 AM to 6 PM","Friday","9 AM to 6 PM","Saturday","9 AM to 3 PM","Sunday","Closed","false","+90 850 551 6263","+908505516263","ChIJB_11s0U8ZEARLgqE_fjvy3E","61100",,"20","5",,,,,,"2024-12-13T09:45:18.933Z","https://www.google.com/maps/search/di%C5%9F%20hekimleri/@40.992500484125834,39.781632025287934,16z?hl=en","diş hekimleri","Trabzon","Kurşunoğlu Apt, K.Maraş Cad, Ticaret Mektep Sk. No:12",,"false","Dt. Bülent Hasan Yılmaz (Diş hekimi)","4.2","https://www.google.com/maps/search/?api=1&query=Dt.%20B%C3%BClent%20Hasan%20Y%C4%B1lmaz%20(Di%C5%9F%20hekimi)&query_place_id=ChIJB_11s0U8ZEARLgqE_fjvy3E","https://www.dentomed.com.tr/"
,,,,,,,,,,,,,,,,,,,,,,,,,,,"İnönü, Öztürkler Apartmanı, Yavuz Selim Blv. A Blok 365B, 61040 Ortahisar/Trabzon, Türkiye","Dentist",,,,,,,,,,"Dentist","10447651517195978315","Ortahisar","false","TR","0x40643d0af2d1dead:0x90fd83b36b89864b",,,,"false","/g/11wn44mxf9","40.9996342","39.7023908","İnönü",,,,,,,,,,,,,,,"false","+90 538 440 61 70","+905384406170","ChIJrd7R8go9ZEARS4aJa7OD_ZA","61040",,"3","1",,,,,,"2024-12-13T09:45:23.224Z","https://www.google.com/maps/search/di%C5%9F%20hekimleri/@40.992500484125834,39.69582248314139,16z?hl=en","diş hekimleri","Trabzon","Öztürkler Apartmanı, Yavuz Selim Blv. A Blok 365B",,"false","Gizem Ömeroğlu Demir Diş Kliniği","5","https://www.google.com/maps/search/?api=1&query=Gizem%20%C3%96mero%C4%9Flu%20Demir%20Di%C5%9F%20Klini%C4%9Fi&query_place_id=ChIJrd7R8go9ZEARS4aJa7OD_ZA","https://gizemomeroglu.com/"
,,,"true",,,,,,,,,,,,"true",,,,,,,,,,,,"Fatih, Yavuz Selim Blv. No:336/A, 61000 Ortahisar/Trabzon, Türkiye","Dentist","Oral surgeon",,,,,,,,,"Dentist","1847393792802154246","Ortahisar","false","TR","0x40643d2490d679a5:0x19a342dddc3be706",,"https://lh5.googleusercontent.com/p/AF1QipOnHiesK5ITZo5LkGf1mHiCr3E0TT9h_FrzknE4=w408-h394-k-no","3","false","/g/11tjs505j9","40.9987564","39.6982156","Fatih",,,,,,,,,,,,,,,"false",,,"ChIJpXnWkCQ9ZEARBuc73N1Coxk","61000",,"4","4",,,,,,"2024-12-13T09:45:23.224Z","https://www.google.com/maps/search/di%C5%9F%20hekimleri/@40.992500484125834,39.69582248314139,16z?hl=en","diş hekimleri","Trabzon","Yavuz Selim Blv. No:336/A",,"false","Dr. Dt. Hasan Alp, Diş Hekimi","5","https://www.google.com/maps/search/?api=1&query=Dr.%20Dt.%20Hasan%20Alp%2C%20Di%C5%9F%20Hekimi&query_place_id=ChIJpXnWkCQ9ZEARBuc73N1Coxk","https://www.doktortakvimi.com/hasan-alp-2/dis-hekimi-agiz-dis-ve-cene-cerrahisi/trabzon?utm_source=google&utm_medium=gmb&utm_campaign=153514&utm_content=website"
,,,"true",,,,,,,,,,,,"true",,,,,,,,,,,,"Fatih, Yavuz Selim Blv. No:336/A, 61000 Ortahisar/Trabzon, Türkiye","Dentist",,,,,,,,,,"Dentist","7869826227569833979","Ortahisar","false","TR","0x40643db55edf3c9d:0x6d373d42025a37fb",,"https://streetviewpixels-pa.googleapis.com/v1/thumbnail?panoid=d_DXrVZeqLsquiX6Fsoyvw&cb_client=search.gws-prod.gps&w=408&h=240&yaw=259.7208&pitch=0&thumbfov=100","1","false","/g/11jz7n4dnh","40.9987564","39.6982156","Fatih",,,,,,,,,,,,,,,"false",,,"ChIJnTzfXrU9ZEAR-zdaAkI9N20","61000",,"5","0",,,,,,"2024-12-13T09:45:23.224Z","https://www.google.com/maps/search/di%C5%9F%20hekimleri/@40.992500484125834,39.69582248314139,16z?hl=en","diş hekimleri","Trabzon","Yavuz Selim Blv. No:336/A",,"false","Dt. Zehra Çeliksümer, Diş Hekimi",,"https://www.google.com/maps/search/?api=1&query=Dt.%20Zehra%20%C3%87eliks%C3%BCmer%2C%20Di%C5%9F%20Hekimi&query_place_id=ChIJnTzfXrU9ZEAR-zdaAkI9N20","https://www.doktortakvimi.com/zehra-celiksumer-2/dis-hekimi/trabzon?utm_source=google&utm_medium=gmb&utm_campaign=266975&utm_content=website"
,,,"true",,,,,,,,,,,,"true",,,,,,,,,,,,"Fatih, Yavuz Selim Blv. No:336/A, 61000 Ortahisar/Trabzon, Türkiye","Pediatric dentist",,,,,,,,,,"Pediatric dentist","7058255598672893411","Ortahisar","false","TR","0x40643d2806c44815:0x61f3f6121ccf55e3",,"https://streetviewpixels-pa.googleapis.com/v1/thumbnail?panoid=d_DXrVZeqLsquiX6Fsoyvw&cb_client=search.gws-prod.gps&w=408&h=240&yaw=259.7208&pitch=0&thumbfov=100","2","false","/g/11sb74tl9w","40.9987564","39.6982156","Fatih",,,,,,,,,,,,,,,"false",,,"ChIJFUjEBig9ZEAR41XPHBL282E","61000",,"17","0",,,,,,"2024-12-13T09:45:23.225Z","https://www.google.com/maps/search/di%C5%9F%20hekimleri/@40.992500484125834,39.69582248314139,16z?hl=en","diş hekimleri","Trabzon","Yavuz Selim Blv. No:336/A",,"false","Uzm. Dt. Belgin Yazıcı Alp, Çocuk Diş Hekimliği (Pedodonti)",,"https://www.google.com/maps/search/?api=1&query=Uzm.%20Dt.%20Belgin%20Yaz%C4%B1c%C4%B1%20Alp%2C%20%C3%87ocuk%20Di%C5%9F%20Hekimli%C4%9Fi%20(Pedodonti)&query_place_id=ChIJFUjEBig9ZEAR41XPHBL282E","https://www.doktortakvimi.com/belgin-yazici-alp/cocuk-dis-hekimligi-pedodonti/trabzon?utm_source=google&utm_medium=gmb&utm_campaign=263765&utm_content=website"
,,"true",,,,,,"true",,,,,,,"true",,"true",,,"true",,,,"true","true",,"2 Nolu Beşirli, Devlet Sahil Yolu Cd. No:249/B, 61010 Ortahisar/Trabzon, Türkiye","Dentist",,,,,,,,,,"Dentist","18046306491657705431","Ortahisar","false","TR","0x40643f0a080a2527:0xfa715c24071557d7",,"https://lh5.googleusercontent.com/p/AF1QipN-2aOh9i2JQ_PASYC8NIdZawsdEVK-AGa4B5uq=w408-h266-k-no","6","false","/g/11w8dtqf7q","40.9966092","39.6759061","2 Nolu Beşirli","Monday","8:30 AM to 6:30 PM","Tuesday","8:30 AM to 6:30 PM","Wednesday","8:30 AM to 6:30 PM","Thursday","8:30 AM to 6:30 PM","Friday","8:30 AM to 6:30 PM","Saturday","8:30 AM to 6:30 PM","Sunday","Closed","false","+90 462 411 11 11","+904624111111","ChIJJyUKCAo_ZEAR11cVByRccfo","61010",,"18","1",,,,,,"2024-12-13T09:45:23.225Z","https://www.google.com/maps/search/di%C5%9F%20hekimleri/@40.992500484125834,39.69582248314139,16z?hl=en","diş hekimleri","Trabzon","Devlet Sahil Yolu Cd. No:249/B",,"false","Dent Beşirli Ağız ve Diş Sağlığı Polikliniği","5","https://www.google.com/maps/search/?api=1&query=Dent%20Be%C5%9Firli%20A%C4%9F%C4%B1z%20ve%20Di%C5%9F%20Sa%C4%9Fl%C4%B1%C4%9F%C4%B1%20Poliklini%C4%9Fi&query_place_id=ChIJJyUKCAo_ZEAR11cVByRccfo","http://www.dentbesirli.com/"
,"true",,,,,,,,,,,,,"true",,,,,,,,,,,,,"Kemerkaya Mah Kunduracılar Cad Merkez İş Hanı, Kat 2 Daire 12, 61200 Trabzon, Türkiye","Dentist",,,,,,,,,,"Dentist","17170680288788143224","Ortahisar","false","TR","0x40643d282d3b2d2d:0xee4a82bf9d04dc78",,"https://streetviewpixels-pa.googleapis.com/v1/thumbnail?panoid=as6dnYNoTsM3Zmk8vAmWRA&cb_client=search.gws-prod.gps&w=408&h=240&yaw=39.40925&pitch=0&thumbfov=100","3","false","/g/11pz0xr43m","41.0063667","39.7286301","Kemerkaya",,,,,,,,,,,,,,,"false",,,"ChIJLS07LSg9ZEAReNwEnb-CSu4","61200",,"8","3",,,,,,"2024-12-13T09:45:26.096Z","https://www.google.com/maps/search/di%C5%9F%20hekimleri/@40.96658045237752,39.73014630000001,16z?hl=en","diş hekimleri","Trabzon","Kemerkaya Mah Kunduracılar Cad Merkez İş Hanı, Kat 2 Daire 12",,"false","Dt. Aydan Demet, Diş Hekimi","3.7","https://www.google.com/maps/search/?api=1&query=Dt.%20Aydan%20Demet%2C%20Di%C5%9F%20Hekimi&query_place_id=ChIJLS07LSg9ZEAReNwEnb-CSu4","https://www.doktortakvimi.com/aydan-demet/dis-hekimi/trabzon?utm_source=google&utm_medium=gmb&utm_campaign=149322&utm_content=website"
,"true",,,,,,,,,,,,,"true",,,,,,,,,,"true",,"true","İskenderpaşa, Millî Piyango İdaresi Üstü, Gazipaşa Cd. Gazipaşa Sitesi Kat:3 No:16, 61030 Ortahisar/Trabzon, Türkiye","Dentist","Dental clinic","Hospital",,,,,,,,"Dentist","17066111263824344841","Ortahisar","false","TR","0x40643d70caac697b:0xecd701c6398af709",,"https://lh5.googleusercontent.com/p/AF1QipOWrRcCus8wA_EHiSnDfddXcbrcSyo0STrvUzrB=w408-h279-k-no","38","false","/g/11fj5gph93","41.0071403","39.7303975","İskenderpaşa","Monday","9 AM to 6:30 PM","Tuesday","9 AM to 6:30 PM","Wednesday","9 AM to 6:30 PM","Thursday","9 AM to 6:30 PM","Friday","9 AM to 6:30 PM","Saturday","9 AM to 6:30 PM","Sunday","Closed","false","+90 462 277 77 77","+904622777777","ChIJe2msynA9ZEARCfeKOcYB1-w","61030",,"9","6",,,,,,"2024-12-13T09:45:26.096Z","https://www.google.com/maps/search/di%C5%9F%20hekimleri/@40.96658045237752,39.73014630000001,16z?hl=en","diş hekimleri","Trabzon","Millî Piyango İdaresi Üstü, Gazipaşa Cd. Gazipaşa Sitesi Kat:3 No:16",,"false","Diş Hekimi Muhammet Aktürk","5","https://www.google.com/maps/search/?api=1&query=Di%C5%9F%20Hekimi%20Muhammet%20Akt%C3%BCrk&query_place_id=ChIJe2msynA9ZEARCfeKOcYB1-w","https://www.drakturk.com/"
,"true",,,,,,,,,,,,,"true",,,,,,,,,,,,,"Gazipaşa, Akgün İşhanı, Dr. Cemil Bulak Sk. Kat:4, 61300 Ortahisar/Trabzon, Türkiye","Dentist",,,,,,,,,,"Dentist","2003835956330669700","Ortahisar","false","TR","0x406414fb5a467151:0x1bcf0e2f7d3ea684",,"https://streetviewpixels-pa.googleapis.com/v1/thumbnail?panoid=Xquj6GDTUAtfz5j4rOXVlg&cb_client=search.gws-prod.gps&w=408&h=240&yaw=18.499998&pitch=0&thumbfov=100","1","false","/g/1hc22lblh","41.0046303","39.729233","Gazipaşa","Monday","9 AM to 6 PM","Tuesday","9 AM to 6 PM","Wednesday","9 AM to 6 PM","Thursday","9 AM to 6 PM","Friday","9 AM to 6 PM","Saturday","9 AM to 2 PM","Sunday","Closed","false","+90 462 323 30 00","+904623233000","ChIJUXFGWvsUZEARhKY-fS8Ozxs","61300",,"17","9",,,,,,"2024-12-13T09:45:28.022Z","https://www.google.com/maps/search/di%C5%9F%20hekimleri/@40.992500484125834,39.764470116858625,16z?hl=en","diş hekimleri","Trabzon","Akgün İşhanı, Dr. Cemil Bulak Sk. Kat:4","Dişhekimi Esra SAĞLAM ALTUNTAŞ","false","Dr. Esra Saglam Altuntas","5","https://www.google.com/maps/search/?api=1&query=Dr.%20Esra%20Saglam%20Altuntas&query_place_id=ChIJUXFGWvsUZEARhKY-fS8Ozxs","https://www.dtesrasaglamaltuntas.com/"
,"true",,,,,,"true",,,,,,,"true",,,"true","true",,,,,,"true",,,"Çarşı, beş ofis, Temel Şükrü Doğru sokak no:5,kat:5, 61050 Ortahisar/Trabzon, Türkiye","Dentist",,,,,,,,,,"Dentist","2936086830593698578","Ortahisar","false","TR","0x40643d6bc7a1a359:0x28bf136a973d6b12",,"https://lh5.googleusercontent.com/p/AF1QipNrkQ29JURAIyAPE1_HkPCAc40PqMcio8bGH1cs=w408-h306-k-no","8","false","/g/11jykhkjk5","41.0065849","39.7247369","Çarşı","Monday","9 AM to 6:30 PM","Tuesday","9 AM to 6:30 PM","Wednesday","9 AM to 6:30 PM","Thursday","9 AM to 6:30 PM","Friday","9 AM to 6:30 PM","Saturday","9 AM to 4:30 PM","Sunday","Closed","false","+90 462 321 75 23","+904623217523","ChIJWaOhx2s9ZEAREms9l2oTvyg","61050",,"48","37","37","0","0","0","0","2024-12-13T09:45:36.085Z","https://www.google.com/maps/search/di%C5%9F%20hekimleri/@41.00546049999999,39.73014630000001,16z?hl=en","diş hekimleri","Trabzon","beş ofis, Temel Şükrü Doğru sokak no:5,kat:5",,"false","Trabzon Diş Hekimi Uğur Mıhçıoğlu","5","https://www.google.com/maps/search/?api=1&query=Trabzon%20Di%C5%9F%20Hekimi%20U%C4%9Fur%20M%C4%B1h%C3%A7%C4%B1o%C4%9Flu&query_place_id=ChIJWaOhx2s9ZEAREms9l2oTvyg","http://dtugurmihcioglu.com.tr/"
,,,,,,,,,,,,,"true",,,"true",,,,,,,,"true",,,"İskenderpaşa Mah. Gazi Paşa Cad Kudunoğlu Apt. No:18 k:2, 61100 Merkez/Trabzon, Türkiye","Dentist",,,,,,,,,,"Dentist","9356919324191472083","Merkez","false","TR","0x40643c4520e11fab:0x81da748cde6bb9d3",,"https://lh5.googleusercontent.com/p/AF1QipPbPsHvkX7XnJsOPInx-n0SkRLPGNhyQBrLOvXR=w408-h725-k-no","5","false","/g/11gcmn2n6h","41.006973","39.730372","İskenderpaşa","Monday","10 AM to 6 PM","Tuesday","10 AM to 6 PM","Wednesday","10 AM to 6 PM","Thursday","10 AM to 6 PM","Friday","10 AM to 6 PM","Saturday","10 AM to 2 PM","Sunday","Closed","false","+90 462 322 41 76","+904623224176","ChIJqx_hIEU8ZEAR07lr3ox02oE","61100",,"49","21","21","0","0","0","0","2024-12-13T09:45:36.085Z","https://www.google.com/maps/search/di%C5%9F%20hekimleri/@41.00546049999999,39.73014630000001,16z?hl=en","diş hekimleri","Trabzon","İskenderpaşa Mah. Gazi Paşa Cad Kudunoğlu Apt. No:18 k:2",,"false","Diş Hekimi Ayberk Çalık","5","https://www.google.com/maps/search/?api=1&query=Di%C5%9F%20Hekimi%20Ayberk%20%C3%87al%C4%B1k&query_place_id=ChIJqx_hIEU8ZEAR07lr3ox02oE","https://instagram.com/dt.ayberkcalik"
,"true",,,,,,,,,,,,,"true",,,,,,,,,,,,,"Pazarkapı, Sokak. 4 . Nolu Ticari Bina No:4 İç Kapı:11, Fatih Cami Sk. Molla Siyah Cami, 61200 Ortahisar/Trabzon, Türkiye","Dentist",,,,,,,,,,"Dentist","5860204495862461035","Ortahisar","false","TR","0x40643d9e5e0f53ab:0x5153a0f0b707726b",,"https://lh5.googleusercontent.com/p/AF1QipNwZ4ceYrAtluTxmCwiLdDKGElyoRiue4fPMDDE=w408-h544-k-no","3","false","/g/11sjzb914d","41.0068474","39.7179756","Pazarkapı",,,,,,,,,,,,,,,"false","+90 850 333 8344","+908503338344","ChIJq1MPXp49ZEARa3IHt_CgU1E","61200",,"62","7","7","0","0","0","0","2024-12-13T09:45:39.079Z","https://www.google.com/maps/search/di%C5%9F%20hekimleri/@41.00546049999999,39.73014630000001,16z?hl=en","diş hekimleri","Trabzon","Sokak. 4 . Nolu Ticari Bina No:4 İç Kapı:11, Fatih Cami Sk. Molla Siyah Cami",,"false","Dt. Gül Nisa Öztürk Süleymanlı, Diş Hekimi","5","https://www.google.com/maps/search/?api=1&query=Dt.%20G%C3%BCl%20Nisa%20%C3%96zt%C3%BCrk%20S%C3%BCleymanl%C4%B1%2C%20Di%C5%9F%20Hekimi&query_place_id=ChIJq1MPXp49ZEARa3IHt_CgU1E","https://www.doktortakvimi.com/gul-nisa-ozturk-suleymanli/dis-hekimi/trabzon?utm_source=google&utm_medium=gmb&utm_campaign=258300&utm_content=website"
,"true",,,,,,"true",,,,,,"true",,,"true",,"true",,,,,,,,,"Gazipaşa mh Atatürk meydanı Trabzon İş merkezi Kat 3, 61030 Ortahisar/Trabzon, Türkiye","Endodontist","Dentist",,,,,,,,,"Endodontist","15796824434419535588","Ortahisar","false","TR","0x40643d63c2d47b7f:0xdb399820c0c98ee4",,"https://lh5.googleusercontent.com/p/AF1QipPor9nF5rd5d6i48hZmCJbqaF9k-Xmdio66S4A3=w408-h271-k-no","11","false","/g/11frpn03lj","41.0045905","39.7306668","Gazipaşa","Monday","9 AM to 6 PM","Tuesday","9 AM to 6 PM","Wednesday","9 AM to 6 PM","Thursday","9 AM to 6 PM","Friday","9 AM to 6 PM","Saturday","10 AM to 3 PM","Sunday","9 AM to 6 PM","false","+90 462 326 10 11","+904623261011","ChIJf3vUwmM9ZEAR5I7JwCCYOds","61030",,"63","10","10","0","0","0","0","2024-12-13T09:45:39.079Z","https://www.google.com/maps/search/di%C5%9F%20hekimleri/@41.00546049999999,39.73014630000001,16z?hl=en","diş hekimleri","Trabzon","Gazipaşa mh Atatürk meydanı Trabzon İş merkezi Kat 3",,"false","Trabzon Kanal Tedavisi Dr. Saime Aslı Aydın - Diş Hekimi","5","https://www.google.com/maps/search/?api=1&query=Trabzon%20Kanal%20Tedavisi%20Dr.%20Saime%20Asl%C4%B1%20Ayd%C4%B1n%20-%20Di%C5%9F%20Hekimi&query_place_id=ChIJf3vUwmM9ZEAR5I7JwCCYOds","https://trabzondishekimi.com.tr/"
,"true",,,,,,,,,,,,,"true",,,,,,,,,,"true",,"true","İskenderpaşa, Gazipaşa Cd. Altınkaya Apartmanı No:8 Kat:4, 61030 Ortahisar/Trabzon, Türkiye","Orthodontist","Dental clinic",,,,,,,,,"Orthodontist","3380091518923832459","Ortahisar","false","TR","0x40643c446619a04d:0x2ee87f53f5c3fc8b",,"https://lh5.googleusercontent.com/p/AF1QipNxKnRJ_9wzKZ9w6GXOAMTaNAY7f95hio4oR7Q=w408-h272-k-no","11","false","/g/1ptyzf5r6","41.0065913","39.7303906","İskenderpaşa","Monday","9 AM to 6 PM","Tuesday","9 AM to 6 PM","Wednesday","9 AM to 6 PM","Thursday","9 AM to 6 PM","Friday","9 AM to 6 PM","Saturday","9 AM to 6 PM","Sunday","Closed","false","+90 462 600 06 07","+904626000607","ChIJTaAZZkQ8ZEARi_zD9VN_6C4","61030",,"67","27","26","0","0","0","1","2024-12-13T09:45:39.079Z","https://www.google.com/maps/search/di%C5%9F%20hekimleri/@41.00546049999999,39.73014630000001,16z?hl=en","diş hekimleri","Trabzon","Gazipaşa Cd. Altınkaya Apartmanı No:8 Kat:4","Dr. Tekin Özlü","false","Trabzon Ortodonti Uzmanı Dr. Dt. Tekin Özlü","4.9","https://www.google.com/maps/search/?api=1&query=Trabzon%20Ortodonti%20Uzman%C4%B1%20Dr.%20Dt.%20Tekin%20%C3%96zl%C3%BC&query_place_id=ChIJTaAZZkQ8ZEARi_zD9VN_6C4","http://www.tekinozlu.com/"
,"true",,,,,,,,,,,,,"true",,,,,,,,,,,,,"Gazipaşa, Kasımoğlu Çk. No:11, 61050 Ortahisar/Trabzon, Türkiye","Dentist",,,,,,,,,,"Dentist","10029710539976208877","Ortahisar","false","TR","0x40643d2c053260bf:0x8b30b098af45f1ed",,"https://streetviewpixels-pa.googleapis.com/v1/thumbnail?panoid=bZ98LcjzMxm-EIEyl89deA&cb_client=search.gws-prod.gps&w=408&h=240&yaw=77.23249&pitch=0&thumbfov=100","1","false","/g/11q43zlk5l","41.0046392","39.7277212","Gazipaşa","Monday","9 AM to 7 PM","Tuesday","9 AM to 7 PM","Wednesday","9 AM to 7 PM","Thursday","9 AM to 7 PM","Friday","9 AM to 7 PM","Saturday","9 AM to 7 PM","Sunday","Closed","false","+90 462 323 60 00","+904623236000","ChIJv2AyBSw9ZEAR7fFFr5iwMIs","61050",,"69","3","3","0","0","0","0","2024-12-13T09:45:39.079Z","https://www.google.com/maps/search/di%C5%9F%20hekimleri/@41.00546049999999,39.73014630000001,16z?hl=en","diş hekimleri","Trabzon","Kasımoğlu Çk. No:11",,"false","Diş Hekimi Hakan İyisu","5","https://www.google.com/maps/search/?api=1&query=Di%C5%9F%20Hekimi%20Hakan%20%C4%B0yisu&query_place_id=ChIJv2AyBSw9ZEAR7fFFr5iwMIs","https://googlereklamcim.com/firmalar/dis-hekimi-hakan-iyisu/"
,,,,,,,,,,,,,,"true",,,,,,,,,,"true",,,"Gazipaşa, Taksim Cd. Uğur apt no:80/2, 61030 Ortahisar/Trabzon, Türkiye","Dentist",,,,,,,,,,"Dentist","8220624416963494053","Ortahisar","false","TR","0x40643d42a3a88d87:0x7215865a3d0300a5",,"https://lh5.googleusercontent.com/p/AF1QipMzFarQr-dALNZ2wD_bksecfhiinxDGGnseKRY=w408-h544-k-no","3","false","/g/11j8lx7r6l","41.0008901","39.7296754","Gazipaşa","Monday","8 AM to 7:30 PM","Tuesday","8 AM to 7:30 PM","Wednesday","8 AM to 7:30 PM","Thursday","8 AM to 7:30 PM","Friday","8 AM to 7:30 PM","Saturday","8 AM to 5 PM","Sunday","Closed","false","+90 462 333 35 55","+904623333555","ChIJh42oo0I9ZEARpQADPVqGFXI","61030",,"74","5","5","0","0","0","0","2024-12-13T09:45:39.080Z","https://www.google.com/maps/search/di%C5%9F%20hekimleri/@41.00546049999999,39.73014630000001,16z?hl=en","diş hekimleri","Trabzon","Taksim Cd. Uğur apt no:80/2",,"false","Diş Hekimi Behlül KARAKAŞ","5","https://www.google.com/maps/search/?api=1&query=Di%C5%9F%20Hekimi%20Behl%C3%BCl%20KARAKA%C5%9E&query_place_id=ChIJh42oo0I9ZEARpQADPVqGFXI","http://www.instagram.com/dtbehlulkarakas"
,"true",,,,,,"true",,,,,,,"true",,,,,,,,,,"true",,,"Çarşı, Canoğlu iş merkezi, Cumhuriyet Cd. kat:2, 61100 Ortahisar/Trabzon, Türkiye","Dentist",,,,,,,,,,"Dentist","15508599781045731076","Ortahisar","false","TR","0x40643dafcfbffce5:0xd7399d5530ee7f04",,"https://lh5.googleusercontent.com/p/AF1QipO6Rzs_sRdLVkf2W-FAPGQGmSihL__7uCMp4h7j=w408-h544-k-no","12","false","/g/11v4hzk7pn","41.0070603","39.7257822","Çarşı","Monday","9 AM to 6:30 PM","Tuesday","9 AM to 6:30 PM","Wednesday","9 AM to 6 PM","Thursday","9 AM to 6:30 PM","Friday","9 AM to 6:30 PM","Saturday","9 AM to 3 PM","Sunday","Closed","false","+90 505 776 48 82","+905057764882","ChIJ5fy_z689ZEARBH_uMFWdOdc","61100",,"75","5","4","0","0","0","1","2024-12-13T09:45:39.080Z","https://www.google.com/maps/search/di%C5%9F%20hekimleri/@41.00546049999999,39.73014630000001,16z?hl=en","diş hekimleri","Trabzon","Canoğlu iş merkezi, Cumhuriyet Cd. kat:2",,"false","Özel NEV-A DENT Ağız ve Diş Sağlığı Polikliniği","4.4","https://www.google.com/maps/search/?api=1&query=%C3%96zel%20NEV-A%20DENT%20A%C4%9F%C4%B1z%20ve%20Di%C5%9F%20Sa%C4%9Fl%C4%B1%C4%9F%C4%B1%20Poliklini%C4%9Fi&query_place_id=ChIJ5fy_z689ZEARBH_uMFWdOdc","https://newadent.com/"
"true",,,,,,"true",,,,,,,,"true",,,,,,,,,,,,,"Kemerkaya, Kurşunoğlu Apt, K.Maraş Cad, Ticaret Mektep Sk. No:7, 61100 Ortahisar/Trabzon, Türkiye","Pediatric dentist",,,,,,,,,,"Pediatric dentist","5720027188506133922","Ortahisar","false","TR","0x40643c45b375fd07:0x4f619e6c047c05a2",,"https://lh5.googleusercontent.com/p/AF1QipPcG5r_0EpuVh-SWKBbaUMG9XpP4TQXjxVLQkq9=w408-h271-k-no","2","false","/g/11f53nk8p7","41.0055902","39.728028","Kemerkaya","Monday","9 AM to 6 PM","Tuesday","9 AM to 6 PM","Wednesday","9 AM to 6 PM","Thursday","9 AM to 6 PM","Friday","9 AM to 6 PM","Saturday","9 AM to 3 PM","Sunday","Closed","false","+90 850 557 4773","+908505574773","ChIJB_11s0U8ZEARogV8BGyeYU8","61100",,"78","13","11","1","1","0","0","2024-12-13T09:45:39.080Z","https://www.google.com/maps/search/di%C5%9F%20hekimleri/@41.00546049999999,39.73014630000001,16z?hl=en","diş hekimleri","Trabzon","Kurşunoğlu Apt, K.Maraş Cad, Ticaret Mektep Sk. No:7",,"false","Dr.Dt. Tülay Çakmak Akgündüz","4.6","https://www.google.com/maps/search/?api=1&query=Dr.Dt.%20T%C3%BClay%20%C3%87akmak%20Akg%C3%BCnd%C3%BCz&query_place_id=ChIJB_11s0U8ZEARogV8BGyeYU8","https://www.dentomed.com.tr/"
,,,,,,,,,,,,,,"true",,,,,,,,,,,,,"Hızırbey, Maraş Cad. Doktorlar İş Hanı D:33, 61030 Trabzon Merkez/Trabzon, Türkiye","Dentist",,,,,,,,,,"Dentist","12055942145939670201","Trabzon Merkez","true","TR","0x40643c34e026d217:0xa74f4f81b16504b9",,,,"false","/g/113k3zkvd","41.006581","39.713532","Hızırbey",,,,,,,,,,,,,,,"false","+90 462 326 29 11","+904623262911","ChIJF9Im4DQ8ZEARuQRlsYFPT6c","61030",,"9","13",,,,,,"2024-12-13T09:45:40.395Z","https://www.google.com/maps/search/di%C5%9F%20hekimleri/@41.00546049999999,39.69582248314139,16z?hl=en","diş hekimleri","Trabzon","Maraş Cad. Doktorlar İş Hanı D:33","Dr. İsmail Karkaç","false","Dr. Ismail Karkac","4.4","https://www.google.com/maps/search/?api=1&query=Dr.%20Ismail%20Karkac&query_place_id=ChIJF9Im4DQ8ZEARuQRlsYFPT6c","https://iyifirma.com/dr-ismail-karkac/"
,"true",,,,,,,,,,,,,"true",,,,,,,,,,,,,"Maraş caddesi İpekyolu iş merkezi Kat:3 No:69, 61030 Ortahisar, Türkiye","Dentist","Community health centre",,,,,,,,,"Dentist","17495516214591783210","Ortahisar","false","TR","0x40643c34e026d217:0xf2cc8f4d4cd4812a",,"https://lh5.googleusercontent.com/p/AF1QipPL3zp8CNMAbQk3hErp9lnzpN_r1O-lS6FYrpWf=w408-h405-k-no","9","false","/g/113g05qyx","41.0057882","39.7287918","Kemerkaya","Monday","9 AM to 7 PM","Tuesday","9 AM to 7 PM","Wednesday","9 AM to 7 PM","Thursday","9 AM to 7 PM","Friday","9 AM to 7 PM","Saturday","9 AM to 7 PM","Sunday","Closed","false","+90 462 326 65 42","+904623266542","ChIJF9Im4DQ8ZEARKoHUTE2PzPI","61030",,"90","4","3","0","1","0","0","2024-12-13T09:45:43.300Z","https://www.google.com/maps/search/di%C5%9F%20hekimleri/@41.00546049999999,39.73014630000001,16z?hl=en","diş hekimleri","Trabzon","Maraş caddesi İpekyolu iş merkezi Kat:3 No:69","Ortodonti Uzmanı Diş Hekimi Adnan Günnar, Merve Efendioğlu","false","Dr. Adnan Gunnar","4","https://www.google.com/maps/search/?api=1&query=Dr.%20Adnan%20Gunnar&query_place_id=ChIJF9Im4DQ8ZEARKoHUTE2PzPI","https://www.medikalrandevu.net/drgunnar"
"true",,,,,,"true",,,,,,,,"true",,,,,,,,,,,,,"Gazipaşa, MEYDAN) Taksim İş Merkezi Atatürk Alanı Kat:3 Daire:8, 61100 Ortahisar/Trabzon, Türkiye","Orthodontist","Dentist",,,,,,,,,"Orthodontist","16806069030200649981","Ortahisar","false","TR","0x40643c4486492d0f:0xe93b26bd97cda8fd",,"https://lh5.googleusercontent.com/p/AF1QipNeu5x0BX2vuyg1QvOmp4YX9wCk0wXzX-fxmynR=w408-h288-k-no","6","false","/g/1tgz3zc3","41.0045209","39.7308315","Gazipaşa","Monday","9 AM to 6 PM","Tuesday","9 AM to 6 PM","Wednesday","9 AM to 6 PM","Thursday","9 AM to 6 PM","Friday","9 AM to 6 PM","Saturday","9 AM to 6 PM","Sunday","Closed","false","+90 462 321 08 27","+904623210827","ChIJDy1JhkQ8ZEAR_ajNl70mO-k","61100",,"91","21","19","0","2","0","0","2024-12-13T09:45:43.300Z","https://www.google.com/maps/search/di%C5%9F%20hekimleri/@41.00546049999999,39.73014630000001,16z?hl=en","diş hekimleri","Trabzon","MEYDAN) Taksim İş Merkezi Atatürk Alanı Kat:3 Daire:8","Trabzon Ortodonti Uzmanı (Uzm. Dr. Ayşegül İKBAL)","false","Trabzon Orthodontics (Exp. Ayşegül İKBAL)","4.6","https://www.google.com/maps/search/?api=1&query=Trabzon%20Orthodontics%20(Exp.%20Ay%C5%9Feg%C3%BCl%20%C4%B0KBAL)&query_place_id=ChIJDy1JhkQ8ZEAR_ajNl70mO-k","http://www.trabzonortodonti.com/"
,,,,,,,,,,,,,,"true",,,,,,,,,,,,,"Kemerkaya, Gazipaşa Cd. No:11, 61200 Ortahisar/Trabzon, Türkiye","Dentist",,,,,,,,,,"Dentist","2576229562200230108","Ortahisar","false","TR","0x40643d4bc3cf2fb1:0x23c09b232ace08dc",,"https://lh5.googleusercontent.com/p/AF1QipMLquR0DdV29lOdfPlGLxPZkbpjxOJVXeJgxynH=w408-h306-k-no","5","false","/g/11vdqq8hsk","41.0067005","39.730154","Kemerkaya","Monday","9:30 AM to 6 PM","Tuesday","9:30 AM to 6 PM","Wednesday","9:30 AM to 6 PM","Thursday","9:30 AM to 6 PM","Friday","9:30 AM to 6 PM","Saturday","10 AM to 5 PM","Sunday","Closed","false","+90 850 333 8344","+908503338344","ChIJsS_Pw0s9ZEAR3AjOKiObwCM","61200",,"94","0",,,,,,"2024-12-13T09:45:43.300Z","https://www.google.com/maps/search/di%C5%9F%20hekimleri/@41.00546049999999,39.73014630000001,16z?hl=en","diş hekimleri","Trabzon","Gazipaşa Cd. No:11",,"false","Dr. Dt. Erdem Veli Uzun, Diş Hekimi",,"https://www.google.com/maps/search/?api=1&query=Dr.%20Dt.%20Erdem%20Veli%20Uzun%2C%20Di%C5%9F%20Hekimi&query_place_id=ChIJsS_Pw0s9ZEAR3AjOKiObwCM","https://www.doktortakvimi.com/erdem-veli-uzun-2/dis-hekimi-periodontoloji/trabzon?utm_source=google&utm_medium=gmb&utm_campaign=132233&utm_content=website"
,,,,,,,,,,,,,,"true",,,,,,,,,,,,,"Kemerkaya, Kurşunoğlu Apt, K.Maraş Cad, Ticaret Mektep Sk. No:10, 61100 Ortahisar/Trabzon, Türkiye","Dentist","Dental clinic","Dental hygienist","Dental implants periodontist","Dental supply store",,,,,,"Dentist","1180538016813636968","Ortahisar","false","TR","0x40643c45b375fd07:0x10621d1250055d68",,"https://lh5.googleusercontent.com/p/AF1QipMmgLZ1ywLPtQ3wTV1A6GxfpylQ_vkuvjIFriN8=w408-h271-k-no","2","false","/g/11f5h7s4vn","41.0055902","39.728028","Kemerkaya","Monday","9 AM to 6 PM","Tuesday","9 AM to 6 PM","Wednesday","9 AM to 6 PM","Thursday","9 AM to 6 PM","Friday","9 AM to 6 PM","Saturday","9 AM to 3 PM","Sunday","Closed","false","+90 850 557 4711","+908505574711","ChIJB_11s0U8ZEARaF0FUBIdYhA","61100",,"98","0",,,,,,"2024-12-13T09:45:43.300Z","https://www.google.com/maps/search/di%C5%9F%20hekimleri/@41.00546049999999,39.73014630000001,16z?hl=en","diş hekimleri","Trabzon","Kurşunoğlu Apt, K.Maraş Cad, Ticaret Mektep Sk. No:10",,"false","Dt. Hüseyin Üçüncü",,"https://www.google.com/maps/search/?api=1&query=Dt.%20H%C3%BCseyin%20%C3%9C%C3%A7%C3%BCnc%C3%BC&query_place_id=ChIJB_11s0U8ZEARaF0FUBIdYhA","https://www.dentomed.com.tr/"
,"true",,,,,,,,,,,,,"true",,,,,,,,,,"true",,,"Meydan, Gazipaşa Mh. Atatürk Alanı Halis Çebi İş Merk. No:25 Kat:3 Daire:6, 61080 Ortahisar/Trabzon, Türkiye","Orthodontist","Dental clinic","Dentist",,,,,,,,"Orthodontist","5507271600377421854","Ortahisar","false","TR","0x40643c446ffeb623:0x4c6dc2577e17e01e",,"https://lh5.googleusercontent.com/p/AF1QipP_Z2NS1EYPT8sNDgaYzcFXdAcKUqQS229rKSRY=w408-h306-k-no","28","false","/g/1thtn27t","41.0047804","39.7307248","Meydan","Monday","9:30 AM to 6:30 PM","Tuesday","9:30 AM to 6:30 PM","Wednesday","9:30 AM to 6:30 PM","Thursday","9:30 AM to 6:30 PM","Friday","9:30 AM to 6:30 PM","Saturday","9:30 AM to 5:30 PM","Sunday","Closed","false","+90 462 321 29 29","+904623212929","ChIJI7b-b0Q8ZEARHuAXflfCbUw","61080",,"103","13","12","1","0","0","0","2024-12-13T09:45:47.005Z","https://www.google.com/maps/search/di%C5%9F%20hekimleri/@41.00546049999999,39.73014630000001,16z?hl=en","diş hekimleri","Trabzon","Gazipaşa Mh. Atatürk Alanı Halis Çebi İş Merk. No:25 Kat:3 Daire:6","Trabzon Ortodonti Uzmanı (Uzm.Dr. Berna Özel)","false","Dr. Berna Ozel","4.9","https://www.google.com/maps/search/?api=1&query=Dr.%20Berna%20Ozel&query_place_id=ChIJI7b-b0Q8ZEARHuAXflfCbUw","https://www.bernaozel.com/"
"true",,,,,,"true",,,,,,,,"true",,,,,,,,,,,,,"İskenderpaşa, Gazipaşa Cd. Timurcioğlu apt no 12 kat 1, 61050 Ortahisar/Trabzon, Türkiye","Endodontist","Dentist",,,,,,,,,"Endodontist","15756405304258563024","Ortahisar","false","TR","0x40643db3dad13213:0xdaa9ff24a9698bd0",,"https://lh5.googleusercontent.com/p/AF1QipORd2apLw5WXNdqQI3r60xx36x1O2aqyhtr98ya=w408-h544-k-no","5","false","/g/11k4kb5nrg","41.0071358","39.7301344","İskenderpaşa",,,,,,,,,,,,,,,"false","+90 850 333 8344","+908503338344","ChIJEzLR2rM9ZEAR0ItpqST_qdo","61050",,"104","2","2","0","0","0","0","2024-12-13T09:45:47.005Z","https://www.google.com/maps/search/di%C5%9F%20hekimleri/@41.00546049999999,39.73014630000001,16z?hl=en","diş hekimleri","Trabzon","Gazipaşa Cd. Timurcioğlu apt no 12 kat 1",,"false","Uzm. Dt. Mutlunur Önder Peker, Endodonti","5","https://www.google.com/maps/search/?api=1&query=Uzm.%20Dt.%20Mutlunur%20%C3%96nder%20Peker%2C%20Endodonti&query_place_id=ChIJEzLR2rM9ZEAR0ItpqST_qdo","https://www.doktortakvimi.com/mutlunur-onder-peker/endodonti-dis-hekimi/trabzon?utm_source=google&utm_medium=gmb&utm_campaign=268731&utm_content=website"
,,,,,,,,,,,,,,"true",,,,,,,,,,,,,"Kemerkaya mahallesi K.Maraş caddesi İpekyol İş Merkezi, kat:3 daire:69, 61050 Ortahisar/Trabzon, Türkiye","Dentist",,,,,,,,,,"Dentist","16008630166422539452","Ortahisar","true","TR","0x40643d03846543a9:0xde2a1451aa37ccbc",,"https://streetviewpixels-pa.googleapis.com/v1/thumbnail?panoid=-gaMSQ0OfmRasO6gxQch0w&cb_client=search.gws-prod.gps&w=408&h=240&yaw=28.936466&pitch=0&thumbfov=100","1","false","/g/11h_cbbqdp","41.0058807","39.7286401","Kemerkaya","Monday","9 AM to 6:30 PM","Tuesday","9 AM to 6:30 PM","Wednesday","9 AM to 6:30 PM","Thursday","9 AM to 6:30 PM","Friday","9 AM to 6:30 PM","Saturday","9 AM to 6:30 PM","Sunday","Closed","false","+90 462 326 65 42","+904623266542","ChIJqUNlhAM9ZEARvMw3qlEUKt4","61050",,"108","0",,,,,,"2024-12-13T09:45:47.005Z","https://www.google.com/maps/search/di%C5%9F%20hekimleri/@41.00546049999999,39.73014630000001,16z?hl=en","diş hekimleri","Trabzon","Kemerkaya mahallesi K.Maraş caddesi İpekyol İş Merkezi, kat:3 daire:69",,"false","Merve EFENDİOĞLU",,"https://www.google.com/maps/search/?api=1&query=Merve%20EFEND%C4%B0O%C4%9ELU&query_place_id=ChIJqUNlhAM9ZEARvMw3qlEUKt4","http://www.medikalrandevu.net/drefendioglu"
"true",,,,,,"true",,,,,"true",,,"true",,,,,,,,,,,,"true","Gazipaşa, Gazipaşa Mah. Zeytinlik Caddesi Zeytin Sk Zeytinlik Apt, Kilpa Üstü, Yavuz Selim Blv. No:3/A, 61000 Ortahisar/Trabzon, Türkiye","Dental clinic",,,,,,,,,,"Dental clinic","1558196337253656289","Ortahisar","false","TR","0x40643dee94c0cfb7:0x159fd3502451a6e1",,"https://lh5.googleusercontent.com/p/AF1QipMtYjGmU5kkprqoWK9u9NYu_waogAvMZiJSEzxx=w408-h272-k-no","24","false","/g/11fn9fhr2r","41.0041834","39.7281004","Gazipaşa","Monday","8:30 AM to 7 PM","Tuesday","8:30 AM to 7 PM","Wednesday","8:30 AM to 7 PM","Thursday","8:30 AM to 7 PM","Friday","8:30 AM to 7 PM","Saturday","8:30 AM to 4 PM","Sunday","Closed","false","+90 533 212 30 44","+905332123044","ChIJt8_AlO49ZEAR4aZRJFDTnxU","61000",,"109","51","39","2","8","0","2","2024-12-13T09:45:47.006Z","https://www.google.com/maps/search/di%C5%9F%20hekimleri/@41.00546049999999,39.73014630000001,16z?hl=en","diş hekimleri","Trabzon","Gazipaşa Mah. Zeytinlik Caddesi Zeytin Sk Zeytinlik Apt, Kilpa Üstü, Yavuz Selim Blv. No:3/A","Dent Trabzon","false","Dentrabzon","4.2","https://www.google.com/maps/search/?api=1&query=Dentrabzon&query_place_id=ChIJt8_AlO49ZEAR4aZRJFDTnxU","https://www.denttrabzon.com/"
,,,,,,,,,,,,,,"true",,,,,,,,,,"true",,"true","Gazipaşa, Yavuzhan Sk Aksu İş Merkezi no:2 Kat:2, 61030 Ortahisar/Trabzon, Türkiye","Orthodontist","Dental clinic","Dentist",,,,,,,,"Orthodontist","15357382947185109596","Ortahisar","false","TR","0x40643d0635609b03:0xd520626c6e9c2a5c",,"https://streetviewpixels-pa.googleapis.com/v1/thumbnail?panoid=KSz3pD28sOi7c1B6_-W0EA&cb_client=search.gws-prod.gps&w=408&h=240&yaw=199.63504&pitch=0&thumbfov=100","3","false","/g/11y3smx365","41.0043954","39.7290659","Gazipaşa","Monday","9 AM to 6:30 PM","Tuesday","9 AM to 6:30 PM","Wednesday","9 AM to 6:30 PM","Thursday","9 AM to 6:30 PM","Friday","9 AM to 6:30 PM","Saturday","9 AM to 1 PM","Sunday","Closed","false","+90 554 373 69 95","+905543736995","ChIJA5tgNQY9ZEARXCqcbmxiINU","61030",,"116","20","20","0","0","0","0","2024-12-13T09:45:47.006Z","https://www.google.com/maps/search/di%C5%9F%20hekimleri/@41.00546049999999,39.73014630000001,16z?hl=en","diş hekimleri","Trabzon","Yavuzhan Sk Aksu İş Merkezi no:2 Kat:2",,"false","Trabzon Ortodonti Uzm. Dt. Elham Rahmaty","5","https://www.google.com/maps/search/?api=1&query=Trabzon%20Ortodonti%20Uzm.%20Dt.%20Elham%20Rahmaty&query_place_id=ChIJA5tgNQY9ZEARXCqcbmxiINU","https://ortodontistelham.com.tr/"
,"true",,,,,,,,,,,,,"true",,,,,,,,,,,,,"Gazipaşa mh Atatürk meydanı Trabzon İş merkezi Kat 3, 61030 Trabzon, Türkiye","Endodontist","Dentist",,,,,,,,,"Endodontist","4670455343955781685","Ortahisar","false","TR","0x40643db689b0d269:0x40d0ca63e3cf2835",,"https://lh5.googleusercontent.com/p/AF1QipMhFROwCMruL7uwhNFNSbRSx1CuAp1UgMCSkQI0=w408-h271-k-no","5","false","/g/11pzhkx9xw","41.005371","39.730877","İskenderpaşa",,,,,,,,,,,,,,,"false",,,"ChIJadKwibY9ZEARNSjP42PK0EA","61030",,"119","0",,,,,,"2024-12-13T09:45:47.006Z","https://www.google.com/maps/search/di%C5%9F%20hekimleri/@41.00546049999999,39.73014630000001,16z?hl=en","diş hekimleri","Trabzon","Gazipaşa mh Atatürk meydanı Trabzon İş merkezi Kat 3",,"false","Dr. Öğr. Üyesi Saime Aslı Aydın, Endodonti",,"https://www.google.com/maps/search/?api=1&query=Dr.%20%C3%96%C4%9Fr.%20%C3%9Cyesi%20Saime%20Asl%C4%B1%20Ayd%C4%B1n%2C%20Endodonti&query_place_id=ChIJadKwibY9ZEARNSjP42PK0EA","https://www.doktortakvimi.com/saime-asli-aydin/endodonti-dis-hekimi/trabzon?utm_source=google&utm_medium=gmb&utm_campaign=129368&utm_content=website"
,"true",,,,,,,,,,,,,"true",,,,,,,,,,"true",,,"İskenderpaşa, Can Apt, İdeal Sk. No:1 D:9, 61050 Ortahisar/Trabzon, Türkiye","Dental clinic",,,,,,,,,,"Dental clinic","10303604719986388644","Ortahisar","false","TR","0x40643d359e3ffa71:0x8efdc1e6e8d3aea4",,"https://streetviewpixels-pa.googleapis.com/v1/thumbnail?panoid=76j_O3dG2CB1ZD-jEkLOiQ&cb_client=search.gws-prod.gps&w=408&h=240&yaw=342.55585&pitch=0&thumbfov=100","1","false","/g/11g0vzqkgm","41.00746","39.730548","İskenderpaşa","Monday","10 AM to 6 PM","Tuesday","10 AM to 6 PM","Wednesday","10 AM to 6 PM","Thursday","10 AM to 6 PM","Friday","10 AM to 6 PM","Saturday","10 AM to 4 PM","Sunday","Closed","false","+90 462 300 01 61","+904623000161","ChIJcfo_njU9ZEARpK7T6ObB_Y4","61050",,"128","0",,,,,,"2024-12-13T09:45:49.575Z","https://www.google.com/maps/search/di%C5%9F%20hekimleri/@41.00546049999999,39.73014630000001,16z?hl=en","diş hekimleri","Trabzon","Can Apt, İdeal Sk. No:1 D:9",,"false","Dr Saka | Opportunity to Smile",,"https://www.google.com/maps/search/?api=1&query=Dr%20Saka%20%7C%20Opportunity%20to%20Smile&query_place_id=ChIJcfo_njU9ZEARpK7T6ObB_Y4","http://drsaka.com/"
,"true",,,,,,"true",,,,,,,"true",,,"true",,"true",,,"true",,"true",,"true","2 Nolu Beşirli, selimoğlu apt. Dent Beşirli diş kliniği, Devlet Sahil Yolu Cd. no: 429/b, 61300 Ortahisar/Trabzon, Türkiye","Dentist",,,,,,,,,,"Dentist","17723049327326069339","Ortahisar","false","TR","0x40643d5eb325401b:0xf5f4eb7663ff025b",,"https://streetviewpixels-pa.googleapis.com/v1/thumbnail?panoid=TsP3uauh1Mq3i5KT3bg5Mw&cb_client=search.gws-prod.gps&w=408&h=240&yaw=165.41945&pitch=0&thumbfov=100","3","false","/g/11nzvrpr_7","40.9965703","39.6759126","2 Nolu Beşirli","Monday","9 AM to 6:30 PM","Tuesday","9 AM to 6:30 PM","Wednesday","9 AM to 6:30 PM","Thursday","9 AM to 6:30 PM","Friday","9 AM to 6:30 PM","Saturday","9 AM to 6:30 PM","Sunday","Closed","false","+90 462 411 11 11","+904624111111","ChIJG0Als149ZEARWwL_Y3br9PU","61300",,"9","4",,,,,,"2024-12-13T09:45:53.256Z","https://www.google.com/maps/search/di%C5%9F%20hekimleri/@41.00546049999999,39.67866057471208,16z?hl=en","diş hekimleri","Trabzon","selimoğlu apt. Dent Beşirli diş kliniği, Devlet Sahil Yolu Cd. no: 429/b",,"false","Çocuk Diş Hekimi Uzmanı Uzm. Dt. Yasemin SARI","5","https://www.google.com/maps/search/?api=1&query=%C3%87ocuk%20Di%C5%9F%20Hekimi%20Uzman%C4%B1%20Uzm.%20Dt.%20Yasemin%20SARI&query_place_id=ChIJG0Als149ZEARWwL_Y3br9PU","https://instagram.com/uzm.dt.yaseminsari?igshid=1kbj3cj6uutn4"
"true",,,,,"true",,,,,"true",,,,"true",,,,,,,,,,,,,"Merkez, Yenimahalle, Devlet Sahil Yolu Cd. No:267, 61040 Ortahisar/Trabzon, Türkiye","Dental clinic","Doctor",,,,,,,,,"Dental clinic","16310797691232676087","Ortahisar","false","TR","0x40643c4a38a2970f:0xe25b9814f52f68f7",,"https://lh5.googleusercontent.com/p/AF1QipP9HXO3CxZEFv3JKM5OcE59Ix4HTTD7kUL9g2W3=w408-h306-k-no","139","false","/g/113g2hkw2","41.0052949","39.7006177","Merkez","Monday","8 AM to 12 AM","Tuesday","8 AM to 12 AM","Wednesday","8 AM to 12 AM","Thursday","8 AM to 12 AM","Friday","8 AM to 12 AM","Saturday","8 AM to 12 AM","Sunday","8 AM to 12 AM","false","+90 462 230 09 60","+904622300960","ChIJD5eiOEo8ZEAR92gv9RSYW-I","61040",,"45","217","68","22","108","12","7","2024-12-13T09:45:53.371Z","https://www.google.com/maps/search/di%C5%9F%20hekimleri/@41.00546049999999,39.7129843915707,16z?hl=en","diş hekimleri","Trabzon","Yenimahalle, Devlet Sahil Yolu Cd. No:267","TRABZON AĞIZ DİŞ SAĞLIĞI HASTANESİ","false","TRABZON DENTAL HEALTH HOSPITAL","2.7","https://www.google.com/maps/search/?api=1&query=TRABZON%20DENTAL%20HEALTH%20HOSPITAL&query_place_id=ChIJD5eiOEo8ZEAR92gv9RSYW-I","http://www.trabzonadsm.gov.tr/"
